in_len,out_len,d_model,nhead,num_encoder_layers,num_decoder_layers,dim_feedforward,batch_size,dropout,lr,year,sMAPE
26,12,128,2,4,5,1024,195,0.15861199540893847,2.43570038634576e-05,True,89.68053422297689
26,12,32,2,6,6,256,355,0.22755646911871638,4.8847530155502264e-05,False,67.34321080644523
7,26,128,4,8,4,512,347,0.0298924683058735,4.30713478138035e-05,True,18.077444973330138
12,25,128,4,3,5,512,113,0.02290278740356517,3.8446262903520525e-05,True,29.472001940193554
18,14,64,8,5,6,256,148,0.1886302584545227,2.1097387684236105e-05,True,74.14550731378127
9,9,128,8,2,7,1024,234,0.03643259994610826,3.46153845550926e-05,True,68.10458294133385
26,15,32,4,6,6,512,236,0.29287153363539736,1.4543594122360087e-05,False,51.66459741409844
12,25,128,2,8,6,1024,155,0.07671272562806786,2.2784128768631758e-05,True,34.374101941969116
21,11,32,2,4,5,256,49,0.19609467905064695,2.0053874537980027e-05,False,41.952315982311035
25,27,32,2,8,6,256,237,0.12022211093098523,4.2195265196930413e-05,False,46.720542393057706
7,30,64,4,7,2,512,363,0.08760719563530966,1.1787135148169488e-05,True,28.017039221219452
7,30,64,4,7,2,512,362,0.08951911871285848,1.057473113433124e-05,True,26.629794902156412
14,21,64,4,7,2,512,312,7.048792261787895e-05,1.0891841820063566e-05,True,23.24288376514892
15,21,64,4,8,3,512,298,0.0014985241233190054,2.9775634511986053e-05,True,16.447540379640873
17,20,128,4,8,3,512,298,0.04781806036181292,2.9187705753341e-05,True,23.744203356874557
21,22,64,4,6,4,512,298,0.002641993224416033,3.0329941066940442e-05,True,27.78534231477849
30,18,64,4,8,4,512,272,0.0602391309529513,4.986151566110451e-05,True,17.927533454071234
22,17,64,8,7,3,512,269,0.062180151496338314,1.665133448093873e-05,True,49.90312170808408
29,18,64,4,5,8,512,204,0.12246966235469522,4.967845878296903e-05,False,20.34199070855496
15,7,64,4,6,3,1024,266,0.10979894714703273,2.7848646302899286e-05,True,111.01500718142303
23,23,64,8,8,4,512,11,0.05735372890888375,3.450802527561531e-05,True,37.152398353730796
10,27,128,4,8,4,512,329,0.024798272230576464,4.411347600595532e-05,True,20.26360313631335
30,19,64,4,7,4,512,273,0.023588950946233367,3.7669003040908794e-05,True,14.531665627333748
30,16,64,4,7,3,512,270,0.008514076702596032,3.856281217275275e-05,True,23.85175959278225
28,19,64,4,7,4,512,286,0.05049425689090121,3.377044764465258e-05,True,10.420058367223685
29,20,64,4,5,3,512,322,0.04148358162619882,2.6396132009230735e-05,True,45.268954239383156
28,19,64,4,7,4,512,218,0.09809481203422554,3.242527827159569e-05,False,20.698906729046204
16,23,64,4,6,5,512,163,0.14395732852912788,3.7133170133041924e-05,True,27.04911761099812
19,22,64,4,7,3,256,302,0.07171960817216778,2.6127568398021185e-05,True,73.71536061051775
27,14,64,8,4,5,1024,180,0.14108908166997955,1.89945320954251e-05,True,82.52720726846815
25,17,32,2,5,2,1024,250,0.01503129003498504,2.321550263999e-05,True,37.55247974114729
30,19,64,4,8,4,512,280,0.05160906043089421,3.152909338004735e-05,True,25.16794361323252
28,18,64,4,8,4,512,284,0.03472701669652804,4.489688924248801e-05,True,18.08876407933637
24,21,64,4,7,4,512,341,0.07336972602182669,4.1290307060409664e-05,True,11.992274950625575
24,24,64,4,6,5,512,336,0.02310930739508107,3.98497126589614e-05,True,30.47207036731815
27,21,64,4,7,3,512,341,0.019151618950328894,3.548988167112938e-05,True,19.562409429816533
20,20,64,4,6,4,256,109,0.07467361596689318,3.328371655451179e-05,False,46.535071534166605
26,15,32,2,2,5,512,320,0.2710723639071746,4.061824278742673e-05,True,31.709693363631974
13,12,128,8,7,5,512,342,0.16671732951909218,2.539153516766323e-05,True,123.50799686401352
24,24,64,4,3,3,1024,254,0.03947525310382448,4.5242965545485835e-05,True,53.886340724962245
28,22,32,4,6,7,256,290,0.23632101796911445,3.626743899078847e-05,False,32.168176863853034
30,17,64,4,8,4,512,224,0.06780887617392889,4.771794868932048e-05,True,26.706674619357447
27,19,64,4,8,4,512,309,0.05195382549043949,4.1068013495985925e-05,True,24.21915108193503
29,21,64,4,7,4,512,257,0.03089552526920305,4.6964156072702044e-05,True,16.807109443884038
25,21,64,2,7,3,512,247,0.02969921437850604,3.7782655920710485e-05,True,22.425499642534046
18,25,64,4,7,4,512,198,0.011616732481519843,3.0380765841991027e-05,True,17.84124635107783
29,20,128,4,7,5,512,351,0.08928804471339556,4.652581304686245e-05,True,50.428503680145475
26,23,64,4,6,4,512,312,0.034424161353683355,4.2843930785278974e-05,True,14.381088333828396
23,28,64,4,6,2,256,364,0.001672369415687685,2.8621448192206875e-05,False,28.571536767815388
10,23,32,8,6,3,512,308,0.04505204496088755,4.263617996025379e-05,True,20.09342118664214
26,24,64,2,6,6,512,321,0.1073816972249784,3.403598594015595e-05,True,20.17217866888041
28,21,64,4,7,4,512,292,0.03350471709066931,4.223424012358275e-05,True,16.2937186697906
28,22,64,4,7,4,512,281,0.022506646959988698,3.9399063031268756e-05,True,13.694262486613509
27,26,64,4,7,4,512,287,0.08143529318565587,4.170837581111409e-05,True,27.191289717429758
28,23,64,4,7,5,512,237,0.06307759073718555,3.965409909479624e-05,True,27.002387813305294
25,20,64,4,5,4,512,328,0.017714957112427293,1.2927659275418034e-05,True,35.55437112121804
26,22,128,4,6,4,512,280,0.038883719695943786,4.3339197787762e-05,True,19.370351282927775
24,16,64,4,7,5,1024,348,0.02736316917587905,3.590848266682254e-05,True,16.372088717299814
29,25,64,4,7,5,512,312,0.05212618007466145,3.8439539519442443e-05,False,15.447380772111943
29,26,64,4,6,6,512,312,0.054703418076534706,3.871736442934289e-05,False,19.867803076813445
30,28,64,4,7,5,512,133,0.08192652947796998,3.185560872218325e-05,False,15.03611079439712
30,29,64,4,7,6,512,103,0.08063391167598144,3.2162632764986385e-05,False,14.79524760612014
30,29,64,4,7,7,512,112,0.09779459692094522,3.2917786818960466e-05,False,15.652662174901048
27,26,64,4,8,6,512,91,0.08191133412278465,3.15836611824859e-05,False,14.73367948363293
27,29,64,4,8,7,512,82,0.12462070136103967,2.8234967640495326e-05,False,35.372698038578285
28,27,64,8,8,6,512,74,0.06820547529389756,3.4773044498070234e-05,False,16.616163085734044
26,26,64,4,8,6,512,90,0.0975530580476473,2.1489916665126594e-05,False,26.751389837829603
27,19,64,4,8,8,256,49,0.10989356353169671,3.7368662387769796e-05,False,32.20416127456859
22,30,32,4,6,6,512,54,0.07678127078990242,3.1152884314851444e-05,False,13.926894534032849
23,25,32,2,5,6,1024,33,0.04520716446233393,2.447870513609233e-05,False,29.566570429557675
22,30,32,4,4,5,512,59,0.132100473020373,3.0738401507932183e-05,False,31.09789751422615
26,28,32,4,6,6,512,97,0.07560719749889512,2.7304540149720875e-05,False,12.620354059449904
22,28,32,4,5,7,512,22,0.16074237057317292,2.7410697821451878e-05,False,35.016823015495916
25,30,32,4,6,6,512,64,0.06738427100516096,3.394956522634409e-05,False,18.926059378014564
